"Zaman damgası","What is your gender? ","What is your department? ","What year are you in school? ","What are your favorite music types? (Select up to 3)","What types of places do you prefer for spending your leisure time?  (Select up to 2)","How often do you listen to music? ","How often do you discuss or debate music with friends? ","Do you feel comfortable sharing your music preferences with others? ","Do you feel the music you listen to reflects who you are? ","Do you think discussing or debating songs helps you socialize? ","How social do you consider yourself? ","Do you prefer listening to music while studying? ","How often do you attend concerts or live music events? ","How important are lyrics to you when listening to music? ","Has there been a turning point in your life that changed your music listening frequency or genre preference? "
"2024/12/08 8:02:46 ÖS GMT+3","Male","Faculty of Arts and Sciences","5th year or more","Pop;Rock;Metal","Home/Dormitory;Cafes","5","2","5","3","1","3","3","2","4","During a period of my life where I felt alone my preferences turned from pop to rap"
"2024/12/11 1:28:14 ÖS GMT+3","Male","Faculty of Arts and Sciences","3rd year","Rock;Rap;Electronic","Cafes;Sport/Walking Around","5","3","4","4","4","5","5","4","4","No"
"2024/12/11 1:36:13 ÖS GMT+3","Male","Faculty of Arts and Sciences","4th year","Rock;Metal","Home/Dormitory;Parks/Nature","5","3","5","4","5","2","1","2","3","No"
"2024/12/11 1:46:16 ÖS GMT+3","Male","Faculty of Engineering","3rd year","Pop;Rock;Rap","Library;Sport/Walking Around","3","1","3","4","2","4","1","1","2","No"
"2024/12/11 1:51:12 ÖS GMT+3","Male","Faculty of Arts and Sciences","3rd year","Classical;Metal;Soundtrack","Home/Dormitory;Cafes","4","3","2","5","1","3","1","1","1","Yks sınav senem"
"2024/12/11 1:58:32 ÖS GMT+3","Male","Faculty of Engineering","2nd year","Electronic;Classical;Soundtrack","Home/Dormitory;My department studyroom","5","2","5","5","5","5","5","1","3","When I started playing classical music myself"
"2024/12/11 2:17:36 ÖS GMT+3","Male","Faculty of Arts and Sciences","5th year or more","Pop;Rock;Classical","Home/Dormitory;Sport/Walking Around","5","3","4","5","2","3","4","2","5","İlk kez milyonfest e gidene kadar sadece yabancı dinliyordum. Ondan sonra daha ağırlıklı olarak Türkçe dinlemeye başladım"
"2024/12/11 2:24:47 ÖS GMT+3","Other","Faculty of Arts and Sciences","4th year","Rock;Rap;Electronic;Classical;Jazz","Home/Dormitory;Cafes;Beaches/Coastal Areas;Sport/Walking Around","4","2","3","3","4","4","5","3","4","More than one turning points"
"2024/12/11 2:45:32 ÖS GMT+3","Male","Faculty of Engineering","4th year","Classical;Jazz","Home/Dormitory;Parks/Nature;Student Club Buildings","5","5","5","2","2","3","3","4","1","Enstrüman çalmayı öğrenmek müziğe bakış açımı değiştirdi."
"2024/12/11 2:46:38 ÖS GMT+3","Female","Faculty of Economic and Administrative Sciences","4th year","Rock;Metal","Parks/Nature;Sport/Walking Around","4","4","4","4","3","5","3","5","3","No"
"2024/12/11 2:47:03 ÖS GMT+3","Male","Faculty of Arts and Sciences","5th year or more","Rock;Rap;Jazz","Home/Dormitory","4","1","5","2","1","2","1","2","3","No"
"2024/12/11 2:47:31 ÖS GMT+3","Female","Faculty of Arts and Sciences","3rd year","Pop;Rock;Electronic","Home/Dormitory;Student Club Buildings","4","3","4","5","4","3","3","2","3","No"
"2024/12/11 2:49:10 ÖS GMT+3","Male","Faculty of Arts and Sciences","4th year","Classical","Home/Dormitory;Balkan ","4","2","3","5","3","3","3","2","4","No"
"2024/12/11 2:49:23 ÖS GMT+3","Female","Faculty of Engineering","4th year","Pop","Home/Dormitory;Library","4","2","5","5","5","4","4","2","5","No"
"2024/12/11 2:49:39 ÖS GMT+3","Male","Faculty of Engineering","2nd year","Country;Arabesque","Cafes;Library","4","5","5","5","4","2","4","4","5","No"
"2024/12/11 2:50:40 ÖS GMT+3","Female","Faculty of Engineering","2nd year","Pop;Rock;Classical","Home/Dormitory;Library","4","3","4","4","4","3","3","3","1","No"
"2024/12/11 2:51:33 ÖS GMT+3","Male","Faculty of Arts and Sciences","2nd year","Rock","Home/Dormitory;Sport/Walking Around","3","1","3","4","5","3","2","2","4","Listen to positive music effects my life positively."
"2024/12/11 2:51:37 ÖS GMT+3","Female","Faculty of Arts and Sciences","2nd year","Pop;Rock;R&B","Library;Sport/Walking Around","4","2","5","5","3","4","1","2","4","Breakup"
"2024/12/11 2:51:38 ÖS GMT+3","Female","Faculty of Engineering","1st year","Pop;Rock;R&B","Home/Dormitory;Sport/Walking Around","3","2","5","5","4","3","2","2","3","Depression"
"2024/12/11 2:52:11 ÖS GMT+3","Female","Faculty of Engineering","4th year","Pop;Rock;Classical","Library;Sport/Walking Around","3","3","5","3","2","3","2","3","4","No"
"2024/12/11 2:53:03 ÖS GMT+3","Male","Faculty of Engineering","2nd year","Pop;Rock;Rap;Electronic;Metal;Arabesque","Library;Sport/Walking Around","4","3","5","4","4","3","4","3","3","No"
"2024/12/11 2:53:09 ÖS GMT+3","Female","Faculty of Arts and Sciences","4th year","Pop;Rock;Electronic","Cafes;Parks/Nature;Sport/Walking Around","3","4","5","5","3","3","3","3","3","No"
"2024/12/11 2:55:19 ÖS GMT+3","Male","Faculty of Arts and Sciences","4th year","Pop;Rock;Rap","Home/Dormitory;Library","3","1","3","2","4","5","3","3","3","No"
"2024/12/11 2:56:13 ÖS GMT+3","Female","Faculty of Education","1st year","Pop;Rap;Jazz","Home/Dormitory;Sport/Walking Around","5","4","4","3","4","4","4","2","3","No"
"2024/12/11 2:58:41 ÖS GMT+3","Female","Faculty of Economic and Administrative Sciences","4th year","Pop","Home/Dormitory","5","3","3","4","3","4","4","4","4","No"
"2024/12/11 2:58:41 ÖS GMT+3","Prefer not to say","Faculty of Arts and Sciences","3rd year","Pop;Soundtrack;R&B","Home/Dormitory;Sport/Walking Around","2","3","5","4","4","4","1","2","4","No"
"2024/12/11 2:59:02 ÖS GMT+3","Female","Faculty of Arts and Sciences","5th year or more","Pop;Rock;Rap;Classical;Jazz","Home/Dormitory;Parks/Nature","4","3","2","4","5","4","3","4","4","No"
"2024/12/11 2:59:15 ÖS GMT+3","Female","Faculty of Arts and Sciences","5th year or more","Pop;Rock;R&B","Cafes;Beaches/Coastal Areas;Sport/Walking Around","4","2","4","4","3","3","2","2","5","No"
"2024/12/11 3:02:34 ÖS GMT+3","Male","Faculty of Engineering","2nd year","Rap;Classical;Arabesque","Sport/Walking Around","5","2","1","2","1","3","1","1","1","No"
"2024/12/11 3:02:47 ÖS GMT+3","Female","Faculty of Engineering","2nd year","Pop;Rap;Classical","Home/Dormitory;Parks/Nature;Library","5","5","3","5","4","3","5","1","5","No"
"2024/12/11 3:03:02 ÖS GMT+3","Female","Faculty of Arts and Sciences","2nd year","Rock;Metal;Soundtrack","Home/Dormitory;Parks/Nature","5","3","4","4","5","4","5","4","3","No"
"2024/12/11 3:03:27 ÖS GMT+3","Male","Faculty of Arts and Sciences","3rd year","Pop;Rap;Classical;Arabesque","Home/Dormitory;Library","4","3","5","4","4","4","3","3","3","No"
"2024/12/11 3:04:06 ÖS GMT+3","Female","Faculty of Architecture","5th year or more","Arabesque","Library","2","2","3","3","3","3","5","3","3","No"
"2024/12/11 3:04:25 ÖS GMT+3","Male","Faculty of Engineering","5th year or more","Rock;Metal","Home/Dormitory;Student Club Buildings","5","5","5","5","5","5","5","5","2","I asked my high school friends for suggestions and they introduced me to metal and rock. I have been hooked since"
"2024/12/11 3:04:56 ÖS GMT+3","Male","Faculty of Arts and Sciences","3rd year","Rock;Rap;Metal","Cafes;bar","5","2","5","5","3","3","4","3","4","Ayrılık"
"2024/12/11 3:04:57 ÖS GMT+3","Female","Faculty of Arts and Sciences","1st year","Pop","Home/Dormitory;Beaches/Coastal Areas","3","1","1","3","3","4","2","3","5","No"
"2024/12/11 3:05:39 ÖS GMT+3","Female","Faculty of Education","Preparatory year","Pop;Rap;Classical;R&B;K-pop","Home/Dormitory","4","4","3","4","4","4","2","2","3","No"
"2024/12/11 3:06:12 ÖS GMT+3","Male","Faculty of Engineering","3rd year","Rock;Rap;Metal","Sport/Walking Around","3","3","2","2","2","2","2","2","2","No"
"2024/12/11 3:08:40 ÖS GMT+3","Male","Faculty of Arts and Sciences","2nd year","Electronic;Jazz;R&B","Home/Dormitory;Cafes;Library;Sport/Walking Around","4","3","4","3","4","5","4","4","4","No"
"2024/12/11 3:09:50 ÖS GMT+3","Male","Faculty of Engineering","2nd year","Rock;Classical;Soundtrack","Beaches/Coastal Areas","4","1","4","1","4","3","1","2","1","No"
"2024/12/11 3:10:59 ÖS GMT+3","Female","Faculty of Arts and Sciences","1st year","Rock;Jazz;R&B","Home/Dormitory;Parks/Nature","5","3","5","5","5","3","5","3","4","No"
"2024/12/11 3:11:36 ÖS GMT+3","Female","Faculty of Arts and Sciences","1st year","Pop;Rock","Home/Dormitory;Cafes","4","2","4","4","3","3","3","3","2","No"
"2024/12/11 3:11:49 ÖS GMT+3","Female","Faculty of Arts and Sciences","1st year","Pop;Rap","Home/Dormitory;Cafes;Library","4","3","2","4","4","5","4","2","1","After a break up, my music taste has turned into rap more than love songs"
"2024/12/11 3:12:06 ÖS GMT+3","Male","Faculty of Engineering","3rd year","Pop;Rock;Classical;Metal","Cafes;Library;Student Club Buildings;Sport/Walking Around","5","3","5","5","5","5","5","4","5","Turkish Rock"
"2024/12/11 3:12:51 ÖS GMT+3","Female","Faculty of Arts and Sciences","2nd year","Rock;Jazz;Metal","Cafes;Parks/Nature","5","5","5","5","5","4","4","4","4","My father played a Pink Floyd song I developed an interest in rock/metal music"
"2024/12/11 3:13:06 ÖS GMT+3","Female","Faculty of Engineering","2nd year","Pop;Rock;Rap","Cafes;Beaches/Coastal Areas;Student Club Buildings;Sport/Walking Around","5","3","5","5","4","4","5","4","3","No"
"2024/12/11 3:13:31 ÖS GMT+3","Female","Faculty of Engineering","2nd year","Pop;Rock;Rap","Home/Dormitory;Parks/Nature","4","2","4","4","1","5","5","2","3","No"
"2024/12/11 3:13:50 ÖS GMT+3","Male","Faculty of Engineering","1st year","Rock;Rap;Soundtrack","Home/Dormitory;Sport/Walking Around","5","5","5","5","5","5","4","2","5","No"
"2024/12/11 3:14:35 ÖS GMT+3","Female","Faculty of Architecture","2nd year","Pop;Rock;Electronic","Home/Dormitory","4","3","3","5","5","3","4","4","3","No"
"2024/12/11 3:14:46 ÖS GMT+3","Male","Faculty of Engineering","1st year","Pop;Rap;Arabesque","Home/Dormitory;Parks/Nature","5","2","4","4","3","2","4","2","2","My friend say that rap is good. Then I start listening Rap. "
"2024/12/11 3:15:01 ÖS GMT+3","Female","Faculty of Engineering","1st year","Country;R&B","Parks/Nature","3","3","5","5","4","4","2","4","5","No"
"2024/12/11 3:21:46 ÖS GMT+3","Male","Faculty of Architecture","4th year","Jazz;R&B","Home/Dormitory;Sport/Walking Around","4","4","4","4","4","5","4","4","4","No"
"2024/12/11 3:21:54 ÖS GMT+3","Female","Faculty of Architecture","4th year","Pop;Jazz;R&B","Home/Dormitory;Cafes","5","4","5","5","5","4","5","3","5","No"
"2024/12/11 3:21:58 ÖS GMT+3","Male","Faculty of Architecture","4th year","Rock;Metal;Punk","Home/Dormitory;Cafes;Sport/Walking Around","3","4","5","4","5","4","1","3","3","No"
"2024/12/11 3:23:11 ÖS GMT+3","Male","Faculty of Engineering","4th year","Rock","Library","3","3","5","5","5","5","5","2","2","No"
"2024/12/11 3:25:58 ÖS GMT+3","Male","Faculty of Economic and Administrative Sciences","1st year","Classical","Home/Dormitory;Cafes","4","1","2","1","1","4","4","1","3","No"
"2024/12/11 3:26:27 ÖS GMT+3","Female","Faculty of Economic and Administrative Sciences","1st year","Pop;Rock;Classical","Home/Dormitory;Parks/Nature;Library","5","2","4","4","4","4","4","2","3","No"
"2024/12/11 3:26:37 ÖS GMT+3","Female","Faculty of Economic and Administrative Sciences","1st year","Pop;Rock;Arabesque","Home/Dormitory;Sport/Walking Around","4","2","3","2","5","4","5","4","4","No"
"2024/12/11 3:26:38 ÖS GMT+3","Male","Faculty of Economic and Administrative Sciences","2nd year","Rap","Home/Dormitory;Library","5","4","3","4","5","3","2","3","5","İnternet kafede duyduğum Sancak adlı sanatçının bir şarkısı."
"2024/12/11 3:28:16 ÖS GMT+3","Female","Faculty of Engineering","1st year","Pop","Home/Dormitory;Cafes;Library","5","3","4","4","3","4","3","3","4","No"
"2024/12/11 3:28:41 ÖS GMT+3","Male","Faculty of Economic and Administrative Sciences","4th year","Rock;Rap;R&B","Home/Dormitory;Parks/Nature","4","3","5","4","5","3","3","2","2","No"
"2024/12/11 3:28:41 ÖS GMT+3","Male","Faculty of Economic and Administrative Sciences","3rd year","Pop;Rock;Rap;Electronic;Classical;Soundtrack;Arabesque","Home/Dormitory;Parks/Nature;Beaches/Coastal Areas;Sport/Walking Around","4","3","2","3","4","4","2","2","3","No"
"2024/12/11 3:29:05 ÖS GMT+3","Female","Faculty of Engineering","2nd year","Pop;Rock;Metal","Cafes;Library","4","3","4","4","3","2","4","3","2","Evet"
"2024/12/11 3:29:27 ÖS GMT+3","Female","Faculty of Arts and Sciences","1st year","Pop;Rock;Jazz","Home/Dormitory;Cafes;Library","4","3","3","4","5","2","2","3","2","university entrance exam "
"2024/12/11 3:29:49 ÖS GMT+3","Male","Faculty of Engineering","1st year","Rock;Jazz;Country","Home/Dormitory;Library","3","3","4","5","5","4","5","4","5","No"
"2024/12/11 3:33:10 ÖS GMT+3","Male","Faculty of Economic and Administrative Sciences","1st year","Rock;Rap;Classical;Metal;Arabesque","Home/Dormitory;Cafes;Sport/Walking Around","3","2","1","2","3","4","4","3","2","Kickboxa başladığım dönem hypeı yüksek müzikleri dinlemem arttı"
"2024/12/11 3:35:36 ÖS GMT+3","Female","Faculty of Engineering","1st year","Pop;Rock;Metal","Home/Dormitory;Sport/Walking Around","4","5","5","5","4","2","5","1","4","No"
"2024/12/11 3:35:41 ÖS GMT+3","Female","Faculty of Engineering","1st year","Pop;Rock;KPOP","Home/Dormitory","5","5","5","5","5","3","5","1","3","No"
"2024/12/11 3:35:56 ÖS GMT+3","Male","Faculty of Economic and Administrative Sciences","1st year","Rock","Parks/Nature;Beaches/Coastal Areas","3","4","5","4","5","4","3","3","3","No"
"2024/12/11 3:38:36 ÖS GMT+3","Female","Faculty of Education","2nd year","Classical","Cafes","5","3","5","5","4","4","3","2","5","No"
"2024/12/11 3:38:51 ÖS GMT+3","Female","Faculty of Engineering","1st year","Rap","Cafes;Library","4","2","4","3","3","4","3","3","3","No"
"2024/12/11 3:40:14 ÖS GMT+3","Female","Faculty of Engineering","1st year","Pop","Beaches/Coastal Areas","5","2","3","5","2","4","4","2","3","No"
"2024/12/11 3:40:38 ÖS GMT+3","Prefer not to say","Faculty of Economic and Administrative Sciences","1st year","Classical;Soundtrack;Alternative","Home/Dormitory","5","1","3","3","3","2","3","2","2","No"
"2024/12/11 3:40:40 ÖS GMT+3","Male","Faculty of Economic and Administrative Sciences","1st year","Rock;Rap;indie rock ","Home/Dormitory","5","1","2","4","4","2","5","1","3","No"
"2024/12/11 3:40:43 ÖS GMT+3","Female","Faculty of Economic and Administrative Sciences","1st year","Pop;Rock;Jazz","Home/Dormitory;Cafes","4","3","5","2","5","4","5","3","5","No"
"2024/12/11 3:42:04 ÖS GMT+3","Male","Faculty of Arts and Sciences","3rd year","Rock;Classical;Metal","Cafes;Parks/Nature","3","2","5","4","4","5","2","2","3","While studying for the ÖSYM exam, i didn’t listen any music for months as i wanted so"
"2024/12/11 3:43:03 ÖS GMT+3","Male","Faculty of Architecture","4th year","Rock;Electronic;Metal","Home/Dormitory;Cafes","5","3","4","3","4","5","5","3","5","No"
"2024/12/11 3:43:05 ÖS GMT+3","Male","Faculty of Economic and Administrative Sciences","2nd year","Rap;Classical;Arabesque","Home/Dormitory;Library;Sport/Walking Around","4","3","4","3","3","3","4","3","4","No"
"2024/12/11 3:43:40 ÖS GMT+3","Male","Faculty of Architecture","2nd year","Rap;Classical;Jazz","Home/Dormitory;Cafes;Parks/Nature;Sport/Walking Around","5","5","5","1","4","5","5","4","4","A breakup"
"2024/12/11 3:44:20 ÖS GMT+3","Female","Faculty of Economic and Administrative Sciences","3rd year","Pop;Electronic;R&B","Home/Dormitory;Sport/Walking Around","4","2","5","5","3","4","2","3","4","No"
"2024/12/11 3:45:05 ÖS GMT+3","Male","Faculty of Engineering","1st year","Pop;Rap;Arabesque","Parks/Nature;Sport/Walking Around","4","3","4","2","4","4","2","2","3","No"
"2024/12/11 3:46:53 ÖS GMT+3","Male","Faculty of Engineering","5th year or more","Rock;Rap;Jazz","Home/Dormitory;Sport/Walking Around","4","3","2","3","4","3","5","1","2","No"
"2024/12/11 3:47:07 ÖS GMT+3","Male","Faculty of Architecture","3rd year","Rock;Rap;Classical","Home/Dormitory;Parks/Nature","4","4","5","2","3","4","4","1","3","No"
"2024/12/11 3:47:19 ÖS GMT+3","Male","Faculty of Architecture","3rd year","Rock","Home/Dormitory","5","3","5","5","4","4","1","2","3","No"
"2024/12/11 3:47:24 ÖS GMT+3","Male","Faculty of Architecture","3rd year","Pop;Rock;Rap","Home/Dormitory;Sport/Walking Around","5","3","3","4","3","4","4","2","1","No"
"2024/12/11 3:47:37 ÖS GMT+3","Male","Faculty of Architecture","4th year","Rock;Rap;R&B","Home/Dormitory;Sport/Walking Around","4","1","5","3","3","5","2","1","5","No"
"2024/12/11 3:48:02 ÖS GMT+3","Female","Faculty of Engineering","2nd year","Pop;Rock;Metal","Home/Dormitory;Cafes","5","3","2","3","3","3","3","2","2","No"
"2024/12/11 3:50:21 ÖS GMT+3","Female","Faculty of Engineering","4th year","Pop;Rock;Metal","Home/Dormitory","3","5","4","3","5","3","2","3","4","No"
"2024/12/11 3:51:26 ÖS GMT+3","Male","Faculty of Education","3rd year","Rock;Rap;Metal","Home/Dormitory;Sport/Walking Around","4","3","5","4","5","5","4","3","5","No"
"2024/12/11 3:51:48 ÖS GMT+3","Male","Faculty of Economic and Administrative Sciences","1st year","Arabesque","Cafes","4","1","1","3","2","3","2","3","1","No"
"2024/12/11 3:52:55 ÖS GMT+3","Male","Faculty of Economic and Administrative Sciences","3rd year","Pop;Rock;Rap","Cafes;Parks/Nature;Beaches/Coastal Areas;Sport/Walking Around","5","4","5","5","5","4","5","3","4","No"
"2024/12/11 3:53:21 ÖS GMT+3","Male","Faculty of Arts and Sciences","5th year or more","Pop;Rock;Jazz","Home/Dormitory;Cafes","5","5","5","5","4","4","1","3","3","No"
"2024/12/11 3:54:09 ÖS GMT+3","Male","Faculty of Engineering","1st year","Rock;Rap;Metal","Parks/Nature;Sport/Walking Around","5","3","5","4","4","5","4","4","3","No"
"2024/12/11 3:56:42 ÖS GMT+3","Female","Faculty of Engineering","1st year","Pop;Rock;Rap","Home/Dormitory","3","2","4","4","4","3","1","1","2","No"
"2024/12/11 3:57:44 ÖS GMT+3","Other","Faculty of Engineering","2nd year","Pop;Metal;Arabesque","Home/Dormitory;Cafes","5","1","5","5","1","3","4","2","5","No"
"2024/12/11 3:57:44 ÖS GMT+3","Female","Faculty of Engineering","2nd year","Jazz;R&B","Cafes;Sport/Walking Around","3","1","4","5","1","2","4","2","4","No"
"2024/12/11 4:41:00 ÖS GMT+3","Male","Faculty of Engineering","1st year","Pop;Classical","Parks/Nature;","3","2","3","4","3","3","2","2","4","No"
"2024/12/11 4:45:41 ÖS GMT+3","Male","Faculty of Engineering","3rd year","Rock;Rap;Jazz","Cafes;Library","5","5","5","5","5","4","5","5","5","Anadolu rock lise yıllarda okuduğum şeyleri etkiledi,sonrasında düşünce yapım değişti"
"2024/12/11 4:46:11 ÖS GMT+3","Male","Faculty of Arts and Sciences","1st year","Pop;Rap;Arabesque","Home/Dormitory;Cafes;Library","4","3","4","5","4","4","4","2","4","No"
"2024/12/11 4:46:19 ÖS GMT+3","Male","Faculty of Arts and Sciences","1st year","Rap","Home/Dormitory;Cafes;Parks/Nature;Library;Beaches/Coastal Areas;Student Club Buildings;Sport/Walking Around","5","5","5","4","5","4","5","4","4","No"
"2024/12/11 4:47:47 ÖS GMT+3","Male","Faculty of Arts and Sciences","1st year","Pop;Rock;Rap","Parks/Nature;Library","4","3","4","4","3","4","1","2","2","No"
"2024/12/11 4:48:15 ÖS GMT+3","Female","Faculty of Economic and Administrative Sciences","4th year","Pop;Rock;Country;R&B","Home/Dormitory;Cafes","5","4","2","3","4","4","5","3","3","No"
"2024/12/11 4:49:03 ÖS GMT+3","Prefer not to say","Faculty of Economic and Administrative Sciences","2nd year","Pop;Rock;Rap","Driving","3","2","4","4","1","4","4","1","4","No"
"2024/12/11 4:49:10 ÖS GMT+3","Male","Faculty of Economic and Administrative Sciences","2nd year","Pop;Classical;R&B","Home/Dormitory","3","1","4","1","3","2","3","1","2","No"
"2024/12/11 4:51:17 ÖS GMT+3","Male","Faculty of Economic and Administrative Sciences","2nd year","Rock;Rap;Electronic;Arabesque","Home/Dormitory;Cafes","5","3","4","5","5","5","3","2","4","Depression"
"2024/12/11 4:51:52 ÖS GMT+3","Male","Faculty of Engineering","3rd year","Rock;Electronic;Jazz;Metal;R&B","Home/Dormitory;Sport/Walking Around","4","1","2","3","2","1","2","2","5","No"
"2024/12/11 4:51:57 ÖS GMT+3","Female","Faculty of Engineering","2nd year","Pop;Rock","Home/Dormitory;Cafes;Parks/Nature;Beaches/Coastal Areas;Sport/Walking Around","5","4","3","4","4","4","3","4","2","No"
"2024/12/11 4:52:29 ÖS GMT+3","Female","Faculty of Engineering","2nd year","Rock;Metal;R&B","Home/Dormitory;Cafes;Parks/Nature;Sport/Walking Around","4","3","4","3","4","4","4","4","4","Gitar sololarının ne kadar güzel olabildiğini fark ettiğimde metal dinleme sıklığım baya artmıştı :)"
"2024/12/11 4:53:59 ÖS GMT+3","Male","Faculty of Economic and Administrative Sciences","2nd year","Pop;Rock;Rap","Home/Dormitory;Cafes","5","4","5","5","3","3","2","3","4","In highschool when I listen more The Strokes and indir genre it felt like i might live better life and different future"
"2024/12/11 4:57:56 ÖS GMT+3","Female","Faculty of Architecture","5th year or more","Rock","Home/Dormitory","4","4","5","5","5","5","5","3","4","When I start to university "
"2024/12/11 5:01:38 ÖS GMT+3","Female","Faculty of Economic and Administrative Sciences","3rd year","Pop;Rock;R&B","Faculty","4","1","1","2","1","4","3","2","3","No"
"2024/12/11 5:01:46 ÖS GMT+3","Female","Faculty of Economic and Administrative Sciences","3rd year","Rock;Rap","Home/Dormitory;Cafes","5","3","2","3","2","2","5","2","3","No"
"2024/12/11 5:05:28 ÖS GMT+3","Male","Faculty of Engineering","1st year","Pop;Rock;Rap","Library;Sport/Walking Around","5","3","2","5","3","1","5","1","4","No"
"2024/12/11 5:06:15 ÖS GMT+3","Male","Faculty of Economic and Administrative Sciences","2nd year","Rock;Classical;Jazz","Home/Dormitory;Parks/Nature;Library","3","3","5","3","4","4","4","2","5","No"
"2024/12/11 5:06:45 ÖS GMT+3","Male","Faculty of Engineering","4th year","Rock;Classical;Jazz","Cafes;Parks/Nature;Library","5","3","4","5","4","5","5","4","4","No"
"2024/12/11 5:07:09 ÖS GMT+3","Male","Faculty of Economic and Administrative Sciences","1st year","Arabesque","Cafes;Student Club Buildings","2","1","3","5","1","3","3","2","4","No"
"2024/12/11 5:07:10 ÖS GMT+3","Male","Faculty of Arts and Sciences","Preparatory year","Rock;Soundtrack;Protest halk müziği ","Home/Dormitory;Library","4","2","3","5","2","4","1","2","4","Solcu oldum Grup Yorum dinlemeye başladım "
"2024/12/11 5:08:56 ÖS GMT+3","Male","Faculty of Arts and Sciences","5th year or more","Rock;Metal;Arabesque","Library;Sport/Walking Around","3","1","5","2","3","3","2","2","3","No"
"2024/12/11 5:09:24 ÖS GMT+3","Female","Faculty of Engineering","2nd year","Rock;Classical;Jazz;Country","Cafes;Parks/Nature","3","1","3","5","4","5","2","3","1","No"
"2024/12/11 5:10:33 ÖS GMT+3","Female","Faculty of Arts and Sciences","1st year","Rock;Metal;protest halk müziği","Home/Dormitory;Cafes","4","3","5","5","4","3","2","2","5","The point I became socialist  changed my genre preference. But when my headphones are broken it changed my listening frequency"
"2024/12/11 5:10:42 ÖS GMT+3","Female","Faculty of Economic and Administrative Sciences","Preparatory year","Pop;Rap;R&B","Cafes;Parks/Nature;Student Club Buildings;Sport/Walking Around","3","2","3","4","3","5","3","1","3","Yes"
"2024/12/11 5:11:00 ÖS GMT+3","Female","Faculty of Engineering","Preparatory year","Pop;Rock;Classical","Cafes;Student Club Buildings","5","2","3","4","2","4","4","3","5","taylor swift"
"2024/12/11 5:11:00 ÖS GMT+3","Female","Faculty of Economic and Administrative Sciences","Preparatory year","Classical","Student Club Buildings","3","1","1","1","4","1","5","2","1","No"
"2024/12/11 5:11:35 ÖS GMT+3","Male","Faculty of Education","2nd year","Rap;Country;Arabesque","Home/Dormitory;Student Club Buildings","4","3","4","4","4","3","3","2","4","No"
"2024/12/11 5:11:37 ÖS GMT+3","Male","Faculty of Arts and Sciences","1st year","Jazz","Home/Dormitory","4","2","3","4","3","3","4","2","3","Yes, at the beginning of highschool, my piano teacher introduced me to jazz and classical music"
"2024/12/11 5:11:57 ÖS GMT+3","Male","Faculty of Economic and Administrative Sciences","3rd year","Classical","Home/Dormitory","1","1","5","1","1","3","5","1","1","No"
"2024/12/11 5:17:01 ÖS GMT+3","Male","Faculty of Engineering","2nd year","Electronic;Classical;Jazz","Home/Dormitory;Library","5","5","1","3","3","1","1","4","4","No"
"2024/12/11 5:18:42 ÖS GMT+3","Male","Faculty of Arts and Sciences","Preparatory year","Rock;Metal;Devrimci Türküler ve Marşlar","Home/Dormitory;Beaches/Coastal Areas","4","3","3","5","5","3","2","3","5","Protest müzikler, politik bakış açımı epey değiştirdi"
"2024/12/11 5:19:36 ÖS GMT+3","Male","Faculty of Engineering","3rd year","Pop;Arabesque","Home/Dormitory;Cafes","4","2","4","3","4","4","1","2","4","No"
"2024/12/11 5:20:44 ÖS GMT+3","Female","Faculty of Arts and Sciences","5th year or more","Rock","Home/Dormitory;Sport/Walking Around","4","2","3","4","3","2","1","2","3","No"
"2024/12/11 5:21:45 ÖS GMT+3","Female","Faculty of Architecture","4th year","Pop;Rock;Classical;Jazz;Soundtrack;R&B;Indie","Home/Dormitory;Cafes;Parks/Nature;Sport/Walking Around;While study","5","3","4","2","4","5","4","1","4","Sometimes I get the urge of not listening."
"2024/12/11 5:21:59 ÖS GMT+3","Male","Faculty of Architecture","4th year","Rock;Rap;R&B","Home/Dormitory;Video Games","5","1","3","5","4","1","5","2","5","No"
"2024/12/11 5:22:20 ÖS GMT+3","Male","Faculty of Arts and Sciences","2nd year","Rock;Soundtrack;Folk","Parks/Nature;Sport/Walking Around","5","3","2","4","4","3","3","2","4","Becoming a High School Rookie"
"2024/12/11 5:22:32 ÖS GMT+3","Female","Faculty of Architecture","4th year","Rock;Rap;Metal","Home/Dormitory;Cafes","3","3","5","5","3","2","5","2","1","There has, I changed from listening to Turkish songs to English songs and the genre I preferred changed."
"2024/12/11 5:22:59 ÖS GMT+3","Female","Faculty of Arts and Sciences","5th year or more","Meditative sounds, icaros (medicine songs ) , tibetian chants.....","Home/Dormitory;Parks/Nature","4","2","1","5","1","2","1","1","4","Yes , emotional and spritual-mystical stuff changed it"
"2024/12/11 5:23:13 ÖS GMT+3","Male","Faculty of Engineering","2nd year","Rap","Home/Dormitory;Library;Sport/Walking Around","5","4","5","4","5","4","5","1","4","No"
"2024/12/11 5:23:33 ÖS GMT+3","Male","Faculty of Arts and Sciences","4th year","Rock;Jazz","Home/Dormitory;Parks/Nature","4","3","2","4","4","4","4","3","5","attending highschool"
"2024/12/11 5:23:39 ÖS GMT+3","Male","Faculty of Engineering","2nd year","Rock;Rap;R&B","Home/Dormitory;Library","4","2","5","2","1","2","1","2","3","No"
"2024/12/11 5:23:45 ÖS GMT+3","Female","Faculty of Engineering","2nd year","Rock;Rap;R&B","Home/Dormitory;Cafes","5","3","4","5","2","2","4","1","3","pandemic"
"2024/12/11 5:23:49 ÖS GMT+3","Female","Faculty of Engineering","2nd year","Pop;Rock;Metal","Home/Dormitory;Parks/Nature","5","3","3","5","1","2","4","1","4","Pandemic "
"2024/12/11 5:23:56 ÖS GMT+3","Female","Faculty of Engineering","3rd year","Rock;Metal;Soundtrack","Home/Dormitory;Cafes","3","2","1","4","1","5","2","1","5","When i got into uni. İ started to listen music while studying. "
"2024/12/11 5:24:01 ÖS GMT+3","Male","Faculty of Engineering","3rd year","Rap","Home/Dormitory;Library;Sport/Walking Around","4","3","4","2","2","3","2","2","4","No"
"2024/12/11 5:24:08 ÖS GMT+3","Male","Faculty of Engineering","2nd year","Pop;Rap","Cafes;Student Club Buildings","3","3","3","3","3","4","3","3","3","No"
"2024/12/11 5:24:26 ÖS GMT+3","Female","Faculty of Arts and Sciences","3rd year","Pop;Rock;Rap","Home/Dormitory;Beaches/Coastal Areas","3","5","4","3","4","5","1","5","5","No"
"2024/12/11 5:24:32 ÖS GMT+3","Male","Faculty of Engineering","3rd year","Pop;Rock;Metal","Home/Dormitory;Sport/Walking Around","3","2","2","4","4","3","1","2","4","No"
"2024/12/11 5:24:38 ÖS GMT+3","Female","Faculty of Engineering","2nd year","Rock;Metal","Home/Dormitory","5","2","5","5","4","5","3","3","3","No"
"2024/12/11 5:24:52 ÖS GMT+3","Female","Faculty of Engineering","4th year","Rock;Rap;Country;R&B","Cafes;Parks/Nature;Library;Beaches/Coastal Areas","5","2","3","3","3","3","5","4","3","No"
"2024/12/11 5:25:39 ÖS GMT+3","Male","Faculty of Engineering","4th year","Electronic;Soundtrack","Beaches/Coastal Areas","5","5","5","5","5","5","5","5","5","No"
"2024/12/11 5:25:50 ÖS GMT+3","Male","Faculty of Arts and Sciences","4th year","Rock;Classical;Jazz;Metal","Home/Dormitory;Library","5","1","1","1","1","1","5","3","4","No"
"2024/12/11 5:25:57 ÖS GMT+3","Male","Faculty of Engineering","3rd year","Rock;Rap;Electronic;Metal;R&B","Cafes;Parks/Nature;Library;Beaches/Coastal Areas;Sport/Walking Around","4","2","2","3","1","5","5","4","3","No"
"2024/12/11 5:26:01 ÖS GMT+3","Male","Faculty of Arts and Sciences","4th year","Electronic;Classical;Jazz;Metal;Soundtrack","Parks/Nature;Beaches/Coastal Areas;Sport/Walking Around","5","5","5","5","5","5","5","4","3","No"
"2024/12/11 5:26:06 ÖS GMT+3","Male","Faculty of Engineering","2nd year","Pop;Rap","Cafes;Sport/Walking Around","4","4","5","5","5","5","5","3","3","No"
"2024/12/11 5:26:32 ÖS GMT+3","Male","Faculty of Arts and Sciences","5th year or more","Rock;Classical;Jazz","Home/Dormitory;Cafes","3","2","3","3","3","4","3","2","4","No"
"2024/12/11 5:27:02 ÖS GMT+3","Male","Faculty of Engineering","1st year","Pop;Rock;Rap;Electronic;Classical;Jazz;Metal;Country;Soundtrack;R&B;Arabesque","Home/Dormitory;Sport/Walking Around","3","2","4","4","2","4","1","1","3","No"
"2024/12/11 5:27:02 ÖS GMT+3","Male","Faculty of Arts and Sciences","4th year","Rock;Rap;Metal","Parks/Nature;Library","5","3","2","5","3","3","5","1","5","yes"
"2024/12/11 5:27:08 ÖS GMT+3","Male","Faculty of Engineering","1st year","Rock;Rap;Classical","Home/Dormitory;Parks/Nature;Library;Sport/Walking Around","4","3","4","4","4","4","5","2","4","No"
"2024/12/11 5:27:09 ÖS GMT+3","Male","Faculty of Engineering","2nd year","Pop;Rock;Rap","Home/Dormitory;Cafes;Parks/Nature;Library;Sport/Walking Around","5","2","5","4","4","5","5","2","3","No"
"2024/12/11 5:27:39 ÖS GMT+3","Prefer not to say","Faculty of Arts and Sciences","2nd year","Rock;Soundtrack;Breakcore","Home/Dormitory;Parks/Nature;Library","4","3","2","2","1","2","3","2","4","university?"
"2024/12/11 5:27:39 ÖS GMT+3","Female","Faculty of Economic and Administrative Sciences","Preparatory year","Pop","Home/Dormitory","4","3","3","3","2","4","5","2","4","No"
"2024/12/11 5:27:49 ÖS GMT+3","Male","Faculty of Economic and Administrative Sciences","2nd year","Pop;Rock;Rap;Electronic;Classical;Jazz;Country","Home/Dormitory;Library;Sport/Walking Around","3","2","4","3","3","4","2","3","4","No"
"2024/12/11 5:28:05 ÖS GMT+3","Female","Faculty of Arts and Sciences","5th year or more","Rock;Classical;Jazz","Parks/Nature;Library;Student Club Buildings","5","3","2","3","3","4","2","4","4","I lost my music inside. "
"2024/12/11 5:28:17 ÖS GMT+3","Female","Faculty of Arts and Sciences","3rd year","Jazz;","Home/Dormitory;Sleeping","1","1","1","2","1","1","1","1","1","No"
"2024/12/11 5:28:53 ÖS GMT+3","Female","Faculty of Architecture","3rd year","Rock","Home/Dormitory","3","2","1","4","3","3","3","3","3","No"
"2024/12/11 5:28:53 ÖS GMT+3","Male","Faculty of Arts and Sciences","5th year or more","Pop;Electronic;Jazz","Home/Dormitory","3","2","2","4","2","2","3","2","3","No"
"2024/12/11 5:29:01 ÖS GMT+3","Female","Faculty of Education","1st year","Rock;Classical;Metal","Home/Dormitory;Sport/Walking Around","5","5","5","5","5","5","5","5","5","No"
"2024/12/11 5:29:02 ÖS GMT+3","Male","Faculty of Economic and Administrative Sciences","1st year","Arabesque","Home/Dormitory","3","3","2","4","2","2","2","2","3","No"
"2024/12/11 5:29:27 ÖS GMT+3","Male","Faculty of Engineering","3rd year","Pop;Rock;Rap","Home/Dormitory;Cafes","4","2","3","3","2","3","4","2","1","No"
"2024/12/11 5:29:53 ÖS GMT+3","Male","Faculty of Arts and Sciences","4th year","Rock;Rap;Metal","Home/Dormitory;Library","5","2","5","5","3","5","5","5","5","No"
"2024/12/11 5:31:06 ÖS GMT+3","Male","Faculty of Arts and Sciences","5th year or more","Rock;Jazz;Metal","Research Lab","5","4","5","5","4","5","3","4","4","After an age I started to listen everything "
"2024/12/11 5:31:25 ÖS GMT+3","Female","Faculty of Education","2nd year","Rock","Cafes;Parks/Nature","5","4","2","3","3","3","3","2","4","No"
"2024/12/11 5:31:45 ÖS GMT+3","Male","Faculty of Architecture","4th year","Pop;Rock;Classical;Jazz;Country;Arabesque","Cafes;Beaches/Coastal Areas","5","5","5","4","3","5","3","2","4","18. Yaşım"
"2024/12/11 5:31:51 ÖS GMT+3","Female","Faculty of Architecture","5th year or more","Pop;Rock;Rap;Jazz;Country","Cafes;Parks/Nature;Beaches/Coastal Areas;Sport/Walking Around","5","5","4","4","3","5","4","3","3","Lise dönemi"
"2024/12/11 5:32:11 ÖS GMT+3","Male","Faculty of Arts and Sciences","5th year or more","Rock;Rap;Electronic;Classical;Jazz;Metal;Country;Soundtrack;R&B","Parks/Nature;Sport/Walking Around","5","2","4","2","3","4","4","2","4","No"
"2024/12/11 5:32:13 ÖS GMT+3","Male","Faculty of Engineering","2nd year","Pop;Rap;Classical","Home/Dormitory;Cafes;Library","4","2","2","5","3","3","4","2","3","No"
"2024/12/11 5:32:15 ÖS GMT+3","Female","Faculty of Arts and Sciences","5th year or more","Pop;Rock;Rap;Soundtrack","Home/Dormitory;Cafes;Sport/Walking Around","3","1","2","2","1","4","2","2","4","No"
"2024/12/11 5:32:30 ÖS GMT+3","Male","Faculty of Engineering","3rd year","Rap","Library","5","5","5","5","5","5","5","5","5","No"
"2024/12/11 5:32:37 ÖS GMT+3","Male","Faculty of Engineering","2nd year","Rock","Home/Dormitory;Library","5","5","5","5","5","5","5","5","5","No"
"2024/12/11 5:33:38 ÖS GMT+3","Female","Faculty of Economic and Administrative Sciences","2nd year","Pop","Home/Dormitory","4","3","5","4","4","4","1","3","4","No"
"2024/12/11 5:34:02 ÖS GMT+3","Male","Faculty of Arts and Sciences","2nd year","Pop;Rock;Rap;Classical;Jazz;Country;Arabesque","Cafes;Library;Sport/Walking Around","4","2","3","2","3","3","4","4","4","My music taste and frequency was changed at my last year in the highschool "
"2024/12/11 5:34:19 ÖS GMT+3","Male","Faculty of Education","1st year","Classical","Sport/Walking Around","3","2","3","4","3","2","3","2","1","No"
"2024/12/11 5:34:22 ÖS GMT+3","Male","Faculty of Engineering","1st year","Rap;Electronic;Arabesque","Cafes;Library","5","2","5","5","4","4","2","3","4","No"
"2024/12/11 5:34:34 ÖS GMT+3","Male","Faculty of Engineering","1st year","Pop","Home/Dormitory;Cafes","3","1","2","3","3","3","2","4","3","No"
"2024/12/11 5:34:50 ÖS GMT+3","Female","Faculty of Arts and Sciences","1st year","Pop;Arabesque","Home/Dormitory;Cafes","4","3","4","1","2","4","4","1","1","No"
"2024/12/11 5:35:44 ÖS GMT+3","Female","Faculty of Arts and Sciences","1st year","Pop;Country;Arabesque","Home/Dormitory;Library","5","3","4","4","2","4","3","3","5","No"
"2024/12/11 5:36:33 ÖS GMT+3","Female","Faculty of Engineering","1st year","Pop;Jazz;R&B","Home/Dormitory;Cafes","3","2","4","5","2","4","4","4","5","No"
"2024/12/11 5:36:40 ÖS GMT+3","Female","Faculty of Engineering","1st year","Pop;Rap;Classical;Jazz;Soundtrack;R&B;Arabesque","Home/Dormitory;Library","5","4","4","5","5","4","4","5","5","No"
"2024/12/11 5:36:44 ÖS GMT+3","Male","Faculty of Engineering","1st year","Pop;Rap;Country","Home/Dormitory;Library;Beaches/Coastal Areas;Student Club Buildings;Sport/Walking Around","4","3","5","4","4","5","3","3","3","No"
"2024/12/11 5:37:04 ÖS GMT+3","Female","Faculty of Arts and Sciences","3rd year","Pop;Rock;Jazz","Home/Dormitory;Parks/Nature;Sport/Walking Around","3","3","2","4","2","3","1","3","5","No"
"2024/12/11 5:37:13 ÖS GMT+3","Male","Faculty of Engineering","Preparatory year","Pop;Rap;Classical","Home/Dormitory;Parks/Nature;Sport/Walking Around","5","2","4","3","2","2","5","1","2","No"
"2024/12/11 5:37:14 ÖS GMT+3","Male","Faculty of Engineering","1st year","Rock;Rap;Classical","Parks/Nature;Beaches/Coastal Areas","5","2","5","5","1","4","5","4","3","No"
"2024/12/11 5:38:18 ÖS GMT+3","Female","Faculty of Arts and Sciences","4th year","Rap;Electronic;R&B","Home/Dormitory;Cafes;Library","5","5","5","5","5","3","4","4","4","growing up "
"2024/12/11 5:38:54 ÖS GMT+3","Female","Faculty of Arts and Sciences","1st year","Pop;Rock;Classical;Country;Soundtrack","Cafes;Parks/Nature","5","3","4","4","4","4","1","4","2","No"
"2024/12/11 5:39:14 ÖS GMT+3","Male","Faculty of Engineering","1st year","Pop;Rap;Arabesque","Home/Dormitory;Cafes;Library;Sport/Walking Around","1","2","5","5","1","5","4","3","1","No"
"2024/12/11 5:39:40 ÖS GMT+3","Female","Faculty of Arts and Sciences","2nd year","Pop;Rock;Rap;Electronic;Classical;Jazz","Home/Dormitory;Parks/Nature","5","3","4","4","3","4","3","3","4","No"
"2024/12/11 5:40:03 ÖS GMT+3","Female","Faculty of Arts and Sciences","4th year","Pop;Rock;Rap;Country;Arabesque","Home/Dormitory","5","3","5","5","2","4","3","3","3","No"
"2024/12/11 5:40:37 ÖS GMT+3","Male","Faculty of Engineering","2nd year","Rock;Rap","Home/Dormitory;Library","3","2","4","4","2","3","3","3","5","No"
"2024/12/11 5:40:49 ÖS GMT+3","Male","Faculty of Arts and Sciences","1st year","Pop;Rock;Country","Cafes;pubs ","5","3","4","4","5","5","3","3","3","No"
"2024/12/11 5:41:21 ÖS GMT+3","Female","Faculty of Education","1st year","Rock","Home/Dormitory;Cafes;Sport/Walking Around","5","4","5","5","5","4","4","3","4","I established my band called Melodram"
"2024/12/11 5:41:29 ÖS GMT+3","Male","Faculty of Arts and Sciences","Preparatory year","Pop;Classical;Arabesque","Home/Dormitory;Parks/Nature","2","4","4","4","4","2","1","2","4","No"
"2024/12/11 5:41:32 ÖS GMT+3","Female","Faculty of Engineering","3rd year","Pop;Rock;Classical;Metal;Soundtrack;R&B","Home/Dormitory;Cafes","5","2","1","1","1","2","5","2","1","Yks"
"2024/12/11 5:41:43 ÖS GMT+3","Female","Faculty of Engineering","2nd year","Pop;Rock","Home/Dormitory;Cafes","4","2","4","3","4","3","4","4","3","No"
"2024/12/11 5:42:53 ÖS GMT+3","Female","Faculty of Engineering","2nd year","Pop;Rock;Rap","Cafes;Library;Sport/Walking Around","5","3","5","4","1","3","3","3","2","No"
"2024/12/11 5:43:28 ÖS GMT+3","Male","Faculty of Arts and Sciences","3rd year","Pop;Rock;Metal;Soundtrack","Home/Dormitory;Sport/Walking Around","5","5","4","2","4","3","3","3","5","No"
"2024/12/11 5:45:11 ÖS GMT+3","Male","Faculty of Economic and Administrative Sciences","1st year","Rock;Classical;Jazz","Cafes","5","3","4","4","3","4","1","2","4","No"
"2024/12/11 5:46:09 ÖS GMT+3","Female","Faculty of Architecture","5th year or more","Pop;Rock;Rap","Home/Dormitory;Sport/Walking Around","4","2","2","4","4","2","4","3","4","Bölüme geçme "
"2024/12/11 5:46:26 ÖS GMT+3","Female","Faculty of Education","2nd year","Pop;Rap;Country;R&B;Arabesque","Home/Dormitory;Cafes;Library","3","4","5","3","2","5","1","3","4","No"
"2024/12/11 5:46:44 ÖS GMT+3","Male","Faculty of Arts and Sciences","5th year or more","Pop;Rap;Classical;Jazz","Home/Dormitory;Cafes;Library;Beaches/Coastal Areas","4","4","5","3","4","5","4","3","2","No"
"2024/12/11 5:47:19 ÖS GMT+3","Male","Faculty of Engineering","2nd year","Pop","Home/Dormitory","5","5","1","5","4","5","2","4","1","No"
"2024/12/11 5:47:31 ÖS GMT+3","Male","Faculty of Arts and Sciences","4th year","Rap;Metal;Soundtrack","Home/Dormitory;Parks/Nature","5","1","4","3","4","5","5","4","3","Sagopa kajmer "
"2024/12/11 5:47:47 ÖS GMT+3","Male","Faculty of Arts and Sciences","4th year","Rock;Metal;Funk ","Home/Dormitory;Parks/Nature","4","4","5","5","5","5","3","2","3","Playing funk guitar made me listen funk genre a lot more"
"2024/12/11 5:47:58 ÖS GMT+3","Female","Faculty of Engineering","1st year","Pop;Jazz;Country","Home/Dormitory;Beaches/Coastal Areas","5","4","2","4","5","3","3","4","5","No"
"2024/12/11 5:48:02 ÖS GMT+3","Male","Faculty of Engineering","4th year","Rock;Jazz;Metal","Cafes;Library","1","2","5","5","3","4","1","1","4","No"
"2024/12/11 5:48:08 ÖS GMT+3","Female","Faculty of Education","1st year","Pop;Rap;Jazz;R&B","Home/Dormitory","5","5","5","5","5","4","4","1","3","No"
"2024/12/11 5:48:11 ÖS GMT+3","Male","Faculty of Economic and Administrative Sciences","2nd year","Pop;Rock;Rap;Electronic;Classical;Jazz;Metal","İdil","3","5","1","3","4","3","4","2","4","No"
"2024/12/11 5:49:02 ÖS GMT+3","Male","Faculty of Arts and Sciences","1st year","Rock;Rap;Metal","Home/Dormitory;Sport/Walking Around","4","4","4","2","4","3","2","4","5","No"
"2024/12/11 5:49:03 ÖS GMT+3","Prefer not to say","Faculty of Engineering","2nd year","Pop;Rap","Home/Dormitory","2","1","3","3","1","3","1","2","4","No"
"2024/12/11 5:49:08 ÖS GMT+3","Male","Faculty of Engineering","5th year or more","Pop;Rock;Arabesque","Home/Dormitory","2","1","2","3","1","3","1","2","3","No"
"2024/12/11 5:49:26 ÖS GMT+3","Male","Faculty of Arts and Sciences","5th year or more","Pop;Rock;Rap;Electronic;Jazz","Library;Sport/Walking Around","5","2","3","4","2","2","2","2","2","No"
"2024/12/11 5:49:36 ÖS GMT+3","Male","Faculty of Engineering","5th year or more","Jazz;Country;Arabesque","Library","3","1","3","4","1","5","3","1","4","No"
"2024/12/11 5:49:42 ÖS GMT+3","Male","Faculty of Engineering","2nd year","Rock;Rap;Metal","Home/Dormitory;Student Club Buildings","5","3","5","4","3","3","1","2","4","No"
"2024/12/11 5:50:34 ÖS GMT+3","Female","Faculty of Education","2nd year","Pop;Rock;Country","Home/Dormitory;Sport/Walking Around","5","4","3","5","4","3","4","4","3","No"
"2024/12/11 5:52:12 ÖS GMT+3","Male","Faculty of Engineering","3rd year","Pop;Rap","Home/Dormitory;Cafes","3","1","2","4","2","3","1","2","2","No"
"2024/12/11 5:52:12 ÖS GMT+3","Male","Faculty of Engineering","3rd year","Rock;Rap","Home/Dormitory;Library","2","2","3","2","1","2","2","1","2","No"
"2024/12/11 5:52:27 ÖS GMT+3","Male","Faculty of Engineering","3rd year","Rock;Jazz;Metal","Home/Dormitory;Cafes;Parks/Nature;Sport/Walking Around","5","1","3","5","5","2","5","2","4","I discovered Linkin Park"
"2024/12/11 5:52:36 ÖS GMT+3","Male","Faculty of Economic and Administrative Sciences","5th year or more","Pop;Rock;Classical","Parks/Nature;Library;Sport/Walking Around","5","2","5","4","5","5","5","5","5","My wife affected my to from pop, rock to classical"
"2024/12/11 5:53:21 ÖS GMT+3","Male","Faculty of Engineering","3rd year","Pop;Rock;Rap","Home/Dormitory;Cafes","4","1","4","2","4","3","3","1","4","No"
"2024/12/11 5:53:38 ÖS GMT+3","Female","Faculty of Education","2nd year","Classical","Cafes","5","3","5","5","5","4","3","2","5","No"
"2024/12/11 5:54:33 ÖS GMT+3","Male","Faculty of Economic and Administrative Sciences","4th year","Pop;Rap;Electronic;R&B","Home/Dormitory;Cafes;Parks/Nature","5","2","5","5","3","5","3","3","3","No"
"2024/12/11 5:54:37 ÖS GMT+3","Female","Faculty of Education","4th year","Pop;Rap;Country","Home/Dormitory;Sport/Walking Around","3","1","1","4","1","3","1","2","5","No"
"2024/12/11 5:54:54 ÖS GMT+3","Male","Faculty of Engineering","2nd year","Rap","Sport/Walking Around","4","3","4","3","2","4","3","3","5","No"
"2024/12/11 5:55:16 ÖS GMT+3","Male","Faculty of Engineering","1st year","Pop;Rap;R&B","Cafes;Parks/Nature;Beaches/Coastal Areas;Sport/Walking Around","5","3","4","3","2","5","3","5","3","No"
"2024/12/11 5:56:00 ÖS GMT+3","Female","Faculty of Education","2nd year","Pop;Soundtrack","Cafes;Library","4","3","2","5","4","3","4","3","4","No"
"2024/12/11 5:56:01 ÖS GMT+3","Male","Faculty of Engineering","4th year","Rock;Rap;R&B","Home/Dormitory;Cafes;Parks/Nature","5","3","4","5","2","3","4","1","3","No"
"2024/12/11 5:58:21 ÖS GMT+3","Male","Faculty of Architecture","5th year or more","Pop;Rock;Arabesque","Home/Dormitory","4","3","3","3","3","4","4","3","2","No"
"2024/12/11 6:01:06 ÖS GMT+3","Male","Faculty of Architecture","5th year or more","Pop;Rock;Arabesque","Home/Dormitory","4","3","3","3","3","4","4","3","2","No"
"2024/12/11 6:04:27 ÖS GMT+3","Male","Faculty of Engineering","3rd year","Rock;Rap;Metal","Home/Dormitory","4","3","4","2","3","3","1","3","3","No"
"2024/12/11 6:08:00 ÖS GMT+3","Male","Faculty of Engineering","2nd year","Pop;Rock;Rap;R&B;Arabesque","Home/Dormitory;Library","4","4","4","4","4","4","4","4","4","No"
"2024/12/11 6:34:07 ÖS GMT+3","Prefer not to say","Faculty of Economic and Administrative Sciences","3rd year","Pop;Rock;Rap","Home/Dormitory","5","1","3","3","1","4","1","2","3","No"
"2024/12/11 6:36:48 ÖS GMT+3","Female","Faculty of Arts and Sciences","2nd year","Pop;R&B","Home/Dormitory;Cafes;Parks/Nature;Library;Beaches/Coastal Areas;Sport/Walking Around","4","4","5","4","5","4","2","5","4","No"
"2024/12/11 6:54:30 ÖS GMT+3","Male","Faculty of Engineering","5th year or more","Rock;Classical;Jazz;Metal","Home/Dormitory;Cafes;Parks/Nature;Library;Beaches/Coastal Areas","5","5","5","5","5","3","1","4","1","No"
"2024/12/11 7:21:19 ÖS GMT+3","Female","Faculty of Architecture","Preparatory year","Rock","Home/Dormitory;Cafes","3","3","4","3","3","2","4","2","4","while i was studying for university exam i listened to music a lot"
"2024/12/11 7:25:22 ÖS GMT+3","Female","Faculty of Education","3rd year","Pop","Cafes;Beaches/Coastal Areas","3","1","2","4","2","4","3","2","2","No"
"2024/12/11 7:25:43 ÖS GMT+3","Female","Faculty of Education","2nd year","Rock;Rap;Arabesque","Home/Dormitory;Sport/Walking Around","5","2","5","5","2","3","4","4","3","No"
"2024/12/11 8:53:40 ÖS GMT+3","Male","Faculty of Engineering","3rd year","Pop;Rock;Classical;Jazz;Metal;Country","Pubs","3","1","3","5","3","4","4","2","1","No"
"2024/12/11 9:02:45 ÖS GMT+3","Prefer not to say","Faculty of Engineering","1st year","Rock;Rap;Electronic;Metal;Soundtrack","Home/Dormitory;Sport/Walking Around","5","1","5","5","5","3","1","2","4","No"
"2024/12/11 9:12:51 ÖS GMT+3","Female","Faculty of Education","5th year or more","Pop;Rock;Arabesque","Home/Dormitory;Parks/Nature","4","3","3","4","1","4","1","2","3","No"
"2024/12/11 10:36:48 ÖS GMT+3","Male","Faculty of Education","1st year","Pop;Rock","Home/Dormitory;Library","3","2","2","3","4","3","2","2","3","No"
"2024/12/12 8:27:16 ÖÖ GMT+3","Female","Faculty of Arts and Sciences","1st year","Pop;Arabesque;South Asian Classical (Ghazal, Qawaali etc)","Cafes;Beaches/Coastal Areas","5","3","5","5","4","3","5","4","5","No"
"2024/12/12 11:34:29 ÖÖ GMT+3","Female","Faculty of Education","2nd year","Pop;Rock;Jazz","Home/Dormitory;Parks/Nature;Library","4","3","4","4","3","4","3","3","3","No"
"2024/12/12 11:34:32 ÖÖ GMT+3","Female","Faculty of Education","2nd year","Pop","Home/Dormitory","3","1","3","5","2","3","5","1","3","No"
"2024/12/12 11:35:29 ÖÖ GMT+3","Male","Faculty of Education","1st year","Pop;Electronic;Soundtrack","Parks/Nature;Sport/Walking Around","5","2","1","5","1","2","1","1","1","long vehicle journeys"
"2024/12/12 11:37:32 ÖÖ GMT+3","Male","Faculty of Education","4th year","Pop;Rap;Electronic","Home/Dormitory;Cafes","5","4","4","4","4","4","4","3","4","No"
"2024/12/12 11:40:20 ÖÖ GMT+3","Female","Faculty of Education","2nd year","Pop;Classical;Arabesque","Home/Dormitory;Cafes","3","2","4","4","3","3","4","2","4","No"
"2024/12/12 11:41:41 ÖÖ GMT+3","Female","Faculty of Education","4th year","Pop;Rock;R&B","Home/Dormitory;Parks/Nature","3","2","5","4","4","4","4","2","4","No"
"2024/12/12 11:42:33 ÖÖ GMT+3","Female","Faculty of Education","4th year","Pop;Kpop","Home/Dormitory;Cafes;Parks/Nature","5","2","5","3","2","3","2","3","4","I listen more when I’m depressed."
"2024/12/12 11:43:17 ÖÖ GMT+3","Female","Faculty of Education","2nd year","Rock;Rap;Arabesque","Home/Dormitory","5","4","5","4","5","4","5","2","4","No"
"2024/12/12 11:48:36 ÖÖ GMT+3","Female","Faculty of Education","2nd year","Pop;Rap;Jazz","Home/Dormitory;Sport/Walking Around","4","3","4","3","4","3","2","3","4","No"
"2024/12/12 12:07:12 ÖS GMT+3","Male","Faculty of Engineering","Preparatory year","Pop","Home/Dormitory","1","1","1","1","1","1","3","3","2","No"
"2024/12/12 12:09:00 ÖS GMT+3","Male","Faculty of Arts and Sciences","2nd year","Rock;Country","Home/Dormitory;Sport/Walking Around","4","3","5","3","5","2","5","1","1","No"
"2024/12/12 12:09:10 ÖS GMT+3","Male","Faculty of Architecture","4th year","Rock;Rap;Metal","Cafes;Sport/Walking Around","3","2","5","3","5","3","3","2","4","No"
"2024/12/12 12:09:16 ÖS GMT+3","Female","Faculty of Architecture","3rd year","Pop;Rock;Jazz;R&B;punk","Home/Dormitory;Cafes","5","4","4","4","4","5","5","3","3","it changes according to my mood"
"2024/12/12 12:09:18 ÖS GMT+3","Male","Faculty of Architecture","4th year","Pop;Rap;Arabesque","Home/Dormitory;Sport/Walking Around","5","2","5","5","3","5","5","3","2","No"
"2024/12/12 12:09:27 ÖS GMT+3","Male","Faculty of Architecture","2nd year","Rock;funk punk","Home/Dormitory;Cafes","4","4","4","4","5","4","4","3","1","No"
"2024/12/12 12:11:43 ÖS GMT+3","Male","Faculty of Architecture","2nd year","Pop;R&B","Home/Dormitory;Parks/Nature","5","3","3","2","1","3","5","3","4","No"
"2024/12/12 12:15:56 ÖS GMT+3","Male","Faculty of Engineering","Preparatory year","Pop;Electronic;Classical;Metal;Soundtrack","Home/Dormitory;Cafes","2","1","4","1","3","5","4","2","3","Every time it happens"
"2024/12/12 12:20:03 ÖS GMT+3","Female","Faculty of Arts and Sciences","Preparatory year","Pop;Rock;Classical","Home/Dormitory","5","3","4","4","4","4","4","4","3","No"
"2024/12/12 12:22:06 ÖS GMT+3","Female","Faculty of Architecture","1st year","Pop;Classical;Jazz;R&B;","Home/Dormitory;Cafes;Parks/Nature;Student Club Buildings;","4","1","3","2","2","4","4","3","2","No"
"2024/12/12 12:23:36 ÖS GMT+3","Female","Faculty of Architecture","Preparatory year","Pop;Rock;R&B","Cafes","3","2","3","4","2","3","3","2","5","No"
"2024/12/12 12:23:48 ÖS GMT+3","Male","Faculty of Engineering","Preparatory year","Pop","Cafes","5","1","5","4","3","3","5","2","1","No"
"2024/12/12 12:24:46 ÖS GMT+3","Female","Faculty of Architecture","Preparatory year","Rock;Rap;R&B","Cafes;Student Club Buildings","4","4","5","5","5","4","3","4","4","quarantine"
"2024/12/12 12:25:27 ÖS GMT+3","Male","Faculty of Arts and Sciences","Preparatory year","Pop;Rock;Rap;Classical;Country;Arabesque","Home/Dormitory","5","1","1","3","1","4","4","2","4","No"
"2024/12/12 12:26:33 ÖS GMT+3","Male","Faculty of Engineering","Preparatory year","Rock;Metal","Home/Dormitory","5","5","4","1","5","4","3","4","4","."
"2024/12/12 12:37:20 ÖS GMT+3","Male","Faculty of Education","5th year or more","Rock;Jazz;Metal","Home/Dormitory;Cafes","5","4","5","5","4","4","5","4","2","As I grew older and discovered websites like discogs, rateyourmusic or last.fm, i was able to expand upon my tastes and discover what was really out there."
"2024/12/12 1:35:00 ÖS GMT+3","Female","Faculty of Arts and Sciences","3rd year","Pop;Rock;Alternative","Home/Dormitory;Cafes","4","2","2","4","2","4","1","4","4"," My genre preference did not completely change but History of Jazz Lecture enhanced, developed my ideas aboyt this genre."
"2024/12/12 2:16:56 ÖS GMT+3","Female","Faculty of Architecture","3rd year","Pop;Rock;Classical","Home/Dormitory;Cafes","4","2","3","1","3","3","2","2","2","No"
"2024/12/12 2:17:29 ÖS GMT+3","Male","Faculty of Architecture","3rd year","Pop;Rock;Arabesque","Home/Dormitory;Cafes","3","2","4","3","2","3","1","2","2","No"
"2024/12/12 2:20:52 ÖS GMT+3","Male","Faculty of Architecture","4th year","Rock;Classical;Metal","Home/Dormitory;Cafes;Library","5","3","5","3","1","5","5","3","4","No"
"2024/12/12 2:24:44 ÖS GMT+3","Female","Faculty of Architecture","4th year","Pop;Classical;R&B","Home/Dormitory;Cafes;Parks/Nature","5","3","3","4","4","3","4","2","4","No"
"2024/12/12 2:28:42 ÖS GMT+3","Male","Faculty of Engineering","3rd year","Pop;Rap;Classical;Jazz;Country","Home/Dormitory;Sport/Walking Around","4","2","3","4","3","3","4","2","3","Life "
"2024/12/12 2:31:30 ÖS GMT+3","Female","Faculty of Architecture","1st year","Pop;Rap;R&B","Home/Dormitory;Sport/Walking Around","5","3","4","5","4","5","4","2","5","İlişki durumu"
"2024/12/12 2:47:59 ÖS GMT+3","Female","Faculty of Architecture","1st year","Pop;Rock;Metal","Library;Sport/Walking Around","3","2","2","4","4","3","4","3","3","Üniversiteye gelmek"
"2024/12/12 2:48:47 ÖS GMT+3","Female","Faculty of Architecture","1st year","Rock;Metal;R&B","Home/Dormitory","5","5","5","5","5","4","5","2","3","İlişki"
"2024/12/12 2:50:16 ÖS GMT+3","Female","Faculty of Architecture","1st year","Pop;Rock;Rap","Home/Dormitory;Student Club Buildings;Sport/Walking Around","5","5","4","5","5","4","5","3","4","Hayatımın birçok farklı döneminde bazı şarkıların arka planda kaldığını hissedip o dönemlerimi o şarkılarla bağdaştırdığım oluyor"
"2024/12/12 2:54:29 ÖS GMT+3","Female","Faculty of Architecture","2nd year","Rap","Home/Dormitory","5","5","5","2","4","4","5","4","2","No"
"2024/12/12 2:55:10 ÖS GMT+3","Male","Faculty of Architecture","3rd year","Rock;Jazz;Metal","Home/Dormitory;Student Club Buildings","5","4","3","5","4","3","3","2","5","Airbag - Radiohead. Listen to it, you'll get it."
"2024/12/12 2:55:37 ÖS GMT+3","Male","Faculty of Architecture","2nd year","Arabesque","Home/Dormitory;Cafes;Parks/Nature","5","3","5","5","3","5","4","1","1","Coğrafya"
"2024/12/12 2:55:45 ÖS GMT+3","Female","Faculty of Architecture","2nd year","Pop;Jazz;R&B","Cafes;Parks/Nature","4","3","3","4","2","4","4","2","4","Gym bırakmak"
"2024/12/12 2:58:16 ÖS GMT+3","Other","Faculty of Architecture","3rd year","Pop;Rock;Rap","Home/Dormitory;Parks/Nature;Sport/Walking Around","3","2","4","5","4","3","2","2","3","Around the time I started antidepressants i started to care about lyrics much more. I didn't listen much Turkish before because understanding the lyrics would overwhelm me. Now I like them. "
"2024/12/12 3:01:51 ÖS GMT+3","Female","Faculty of Arts and Sciences","3rd year","Pop","Home/Dormitory;Parks/Nature;Sport/Walking Around","5","3","5","5","4","5","3","5","3","No"
"2024/12/12 3:02:22 ÖS GMT+3","Female","Faculty of Architecture","3rd year","Pop;Rock;Classical;Country","Cafes;Sport/Walking Around","2","1","1","2","1","4","3","3","3","Ergenlik bitince rap gitti"
"2024/12/12 3:02:22 ÖS GMT+3","Female","Faculty of Architecture","3rd year","Pop;Rock;Rap","Home/Dormitory;Cafes","5","5","5","5","5","3","5","3","5","Olgunlaşma"
"2024/12/12 3:03:22 ÖS GMT+3","Female","Faculty of Architecture","3rd year","Rock;Soundtrack;Folk","Home/Dormitory;Sport/Walking Around","5","2","3","5","4","3","5","2","5","When i realized my favorite book had a musical and that made me start listening to musical theatre and met gothic musical theatre which is now my favorite jenre"
"2024/12/12 3:04:33 ÖS GMT+3","Female","Faculty of Arts and Sciences","3rd year","Pop;Classical","Home/Dormitory;Cafes;Parks/Nature","4","1","3","4","1","3","1","2","4","No"
"2024/12/12 3:23:16 ÖS GMT+3","Male","Faculty of Architecture","2nd year","Pop;Rap;R&B","Home/Dormitory;Cafes;Beaches/Coastal Areas","3","2","4","2","3","1","4","1","2","No"
"2024/12/12 3:23:22 ÖS GMT+3","Female","Faculty of Architecture","2nd year","Metal","Student Club Buildings","5","2","2","5","2","4","4","4","3","No"
"2024/12/12 3:25:40 ÖS GMT+3","Male","Faculty of Engineering","Preparatory year","Rap","Home/Dormitory;Cafes;Parks/Nature;Library;Beaches/Coastal Areas;Student Club Buildings;Sport/Walking Around","5","5","5","5","5","4","5","3","5","No"
"2024/12/12 3:26:03 ÖS GMT+3","Male","Faculty of Education","Preparatory year","Rap","Home/Dormitory","3","2","1","2","2","2","3","2","3","No"
"2024/12/12 3:27:10 ÖS GMT+3","Male","Faculty of Engineering","Preparatory year","Pop;Rap;","Home/Dormitory;Cafes;Parks/Nature","4","3","2","3","4","5","2","3","4","No"
"2024/12/12 3:27:25 ÖS GMT+3","Male","Faculty of Engineering","Preparatory year","Pop;Rap;Arabesque","Home/Dormitory;Cafes","3","3","4","3","2","4","1","2","3","No"
"2024/12/12 3:28:23 ÖS GMT+3","Female","Faculty of Arts and Sciences","4th year","Pop;Rap","Home/Dormitory;Beaches/Coastal Areas","3","3","1","1","2","4","3","3","3","No"
"2024/12/12 3:28:58 ÖS GMT+3","Female","Faculty of Architecture","2nd year","Rock;Classical;R&B","Home/Dormitory;Parks/Nature","5","3","3","2","5","4","5","3","3","discovering different genres as time goes by"
"2024/12/12 3:29:31 ÖS GMT+3","Female","Faculty of Arts and Sciences","4th year","Pop;Rock;Jazz","Cafes;Sport/Walking Around","4","4","5","5","4","3","2","3","2","No"
"2024/12/12 3:30:17 ÖS GMT+3","Female","Faculty of Economic and Administrative Sciences","Preparatory year","Pop","Home/Dormitory;Parks/Nature;Sport/Walking Around","5","2","3","3","2","4","3","3","4","No"
"2024/12/12 3:31:47 ÖS GMT+3","Female","Faculty of Economic and Administrative Sciences","Preparatory year","Pop;Classical;Arabesque","Home/Dormitory;Parks/Nature;Sport/Walking Around","5","3","5","1","3","3","4","1","4","No"
"2024/12/12 3:31:49 ÖS GMT+3","Female","Faculty of Economic and Administrative Sciences","Preparatory year","Pop;Jazz;Arabesque","Home/Dormitory","4","2","3","4","2","3","3","2","5","No"
"2024/12/12 3:35:21 ÖS GMT+3","Female","Faculty of Education","Preparatory year","Pop","Beaches/Coastal Areas","1","3","4","3","3","3","3","3","3","No"
"2024/12/12 3:35:51 ÖS GMT+3","Female","Faculty of Arts and Sciences","Preparatory year","Pop","Home/Dormitory","4","2","5","4","1","4","3","5","3","No"
"2024/12/12 3:37:11 ÖS GMT+3","Male","Faculty of Architecture","3rd year","Pop;Classical;R&B","Home/Dormitory;Parks/Nature","5","3","5","3","5","4","4","1","4","No"
"2024/12/12 3:37:41 ÖS GMT+3","Male","Faculty of Engineering","Preparatory year","Pop;Jazz","Home/Dormitory;Sport/Walking Around","5","3","3","3","2","4","3","1","5","No"
"2024/12/12 3:38:11 ÖS GMT+3","Male","Faculty of Arts and Sciences","Preparatory year","Pop;Soundtrack;Arabesque","Home/Dormitory","5","1","1","4","2","4","3","3","5","No"
"2024/12/12 3:38:33 ÖS GMT+3","Male","Faculty of Education","Preparatory year","Pop","Home/Dormitory;Parks/Nature;Sport/Walking Around","3","1","2","3","3","2","5","2","3","No"
"2024/12/12 3:38:48 ÖS GMT+3","Female","Faculty of Architecture","3rd year","Pop;Rock;Electronic","Parks/Nature;Beaches/Coastal Areas","5","2","5","4","4","4","4","3","4","No"
"2024/12/12 3:38:55 ÖS GMT+3","Female","Faculty of Architecture","3rd year","Pop;Indie","Home/Dormitory;Cafes;Parks/Nature;Sport/Walking Around","3","5","3","4","4","5","3","3","4","No"
"2024/12/12 3:38:58 ÖS GMT+3","Male","Faculty of Arts and Sciences","Preparatory year","Rock;Classical;Metal","Home/Dormitory;Parks/Nature;Library","4","3","3","3","3","4","3","3","3","No"
"2024/12/12 3:39:21 ÖS GMT+3","Female","Faculty of Education","Preparatory year","Rock;Country;Arabesque","Parks/Nature;Sport/Walking Around","4","2","3","4","2","3","2","4","4","No"
"2024/12/12 3:40:02 ÖS GMT+3","Male","Faculty of Education","Preparatory year","Pop;Rock;Rap","Home/Dormitory;Parks/Nature;Library;Sport/Walking Around","4","2","4","4","4","3","4","2","5","No"
"2024/12/12 3:40:25 ÖS GMT+3","Male","Faculty of Economic and Administrative Sciences","Preparatory year","Pop;Rock;Classical","Home/Dormitory;Parks/Nature;Sport/Walking Around","4","4","3","4","3","3","2","2","4","No"
"2024/12/12 3:40:42 ÖS GMT+3","Female","Faculty of Architecture","2nd year","Pop;Jazz;Arabesque","Home/Dormitory;Cafes","4","3","3","5","3","3","2","4","5","No"
"2024/12/12 3:40:47 ÖS GMT+3","Female","Faculty of Architecture","2nd year","Pop;R&B","Cafes;Student Club Buildings","5","3","4","4","3","3","3","3","3","No"
"2024/12/12 3:40:51 ÖS GMT+3","Female","Faculty of Architecture","Preparatory year","Pop;Rock;Electronic;Metal","Home/Dormitory;Cafes;Parks/Nature;Student Club Buildings;Sport/Walking Around","4","3","4","3","4","3","2","3","4","my best friend"
"2024/12/12 3:41:22 ÖS GMT+3","Female","Faculty of Architecture","2nd year","Pop;Rock;Rap;R&B","Home/Dormitory;Cafes","5","3","4","2","2","3","2","2","2","No"
"2024/12/12 3:41:27 ÖS GMT+3","Male","Faculty of Education","2nd year","Pop;Rock;Rap;Jazz","Home/Dormitory;Library;Student Club Buildings;Sport/Walking Around","5","4","5","5","3","5","4","3","3","No"
"2024/12/12 3:41:33 ÖS GMT+3","Male","Faculty of Engineering","Preparatory year","Pop;Rock;Metal","Home/Dormitory;Sport/Walking Around","3","4","2","3","1","5","5","3","2","No"
"2024/12/12 3:42:35 ÖS GMT+3","Female","Faculty of Architecture","2nd year","Pop;Rap;Classical","Cafes;Parks/Nature;Sport/Walking Around","5","5","4","3","3","5","4","3","4","No"
"2024/12/12 3:43:21 ÖS GMT+3","Female","Faculty of Architecture","Preparatory year","Pop;Rock;Rap;Classical;Soundtrack","Cafes;Parks/Nature;Library;Beaches/Coastal Areas","3","2","2","2","2","3","4","2","3","No"
"2024/12/12 3:43:26 ÖS GMT+3","Female","Faculty of Engineering","Preparatory year","Rap;Arabesque","Home/Dormitory;Cafes;Parks/Nature","5","4","1","3","1","4","5","2","4","No"
"2024/12/12 3:43:45 ÖS GMT+3","Female","Faculty of Arts and Sciences","Preparatory year","Pop;Classical;Country","Library;Student Club Buildings;Sport/Walking Around","5","1","5","5","5","5","5","5","5","No"
"2024/12/12 3:43:58 ÖS GMT+3","Male","Faculty of Arts and Sciences","Preparatory year","Rap","Home/Dormitory","5","1","5","3","2","3","3","2","4","No"
"2024/12/12 3:44:13 ÖS GMT+3","Prefer not to say","Faculty of Engineering","Preparatory year","Rock","Sport/Walking Around","5","3","2","3","2","2","2","2","2","No"
"2024/12/12 3:44:54 ÖS GMT+3","Male","Faculty of Arts and Sciences","Preparatory year","Rock;Classical;Jazz","Home/Dormitory;Parks/Nature;Beaches/Coastal Areas;Sport/Walking Around","3","4","4","3","2","3","2","1","4","No"
"2024/12/12 3:46:59 ÖS GMT+3","Female","Faculty of Arts and Sciences","3rd year","Pop;Rock;Rap","Home/Dormitory;Cafes","5","3","5","5","2","3","2","2","4","No"
"2024/12/12 3:48:31 ÖS GMT+3","Male","Faculty of Arts and Sciences","Preparatory year","Pop;Rock;R&B;","Home/Dormitory;Library;Sport/Walking Around","4","2","1","4","3","3","4","2","3","No"
"2024/12/12 3:55:08 ÖS GMT+3","Female","Faculty of Education","2nd year","Pop;Rock;R&B","Home/Dormitory;Cafes","4","3","4","5","4","3","3","3","3","No"
"2024/12/12 4:08:57 ÖS GMT+3","Female","Faculty of Education","4th year","Pop;Rock;Arabesque","Home/Dormitory;Cafes","5","3","4","4","1","4","3","2","5","Depremden sonra, arabesk şarkı dinlemeye ağırlık verdim"
"2024/12/12 4:10:19 ÖS GMT+3","Female","Faculty of Education","Preparatory year","Metal","Library","4","5","1","3","5","3","1","3","2","No"
"2024/12/12 4:12:26 ÖS GMT+3","Male","Faculty of Education","5th year or more","Rock;Rap;Metal","Home/Dormitory;Sport/Walking Around","4","4","5","3","5","5","5","3","5","No"
"2024/12/12 4:13:05 ÖS GMT+3","Female","Faculty of Education","4th year","Pop;Rock;Arabesque","Home/Dormitory;Cafes","3","4","5","3","4","3","2","1","4","people I met"
"2024/12/12 4:15:44 ÖS GMT+3","Female","Faculty of Education","Preparatory year","Rap;Metal;","Parks/Nature;Sport/Walking Around","5","4","1","5","5","2","5","4","5","No"
"2024/12/12 4:22:19 ÖS GMT+3","Male","Faculty of Education","Preparatory year","Rock;Metal","Home/Dormitory","5","3","5","4","5","3","3","1","5","No"
"2024/12/12 4:44:48 ÖS GMT+3","Male","Faculty of Engineering","Preparatory year","Pop;Rap;Classical","Home/Dormitory;Cafes","2","2","4","4","2","3","2","1","5","Yks zamani daha az dinledim"
"2024/12/12 4:44:54 ÖS GMT+3","Male","Faculty of Arts and Sciences","Preparatory year","Pop;Rock;Rap","Home/Dormitory;Parks/Nature;Library;Sport/Walking Around","4","3","2","4","3","3","3","4","3","No"
"2024/12/12 4:45:07 ÖS GMT+3","Male","Faculty of Arts and Sciences","Preparatory year","Rock;Rap;R&B","Home/Dormitory","5","5","3","3","5","4","1","2","3","No"
"2024/12/12 4:45:55 ÖS GMT+3","Female","Faculty of Arts and Sciences","Preparatory year","Pop;Rap;Classical","Cafes;Parks/Nature","4","3","2","3","3","5","3","2","4","No"
"2024/12/12 4:46:02 ÖS GMT+3","Male","Faculty of Engineering","Preparatory year","Pop;Rock;Rap;Classical;Jazz;R&B;Arabesque","Home/Dormitory;Cafes;Parks/Nature;Library;Beaches/Coastal Areas;Student Club Buildings;Sport/Walking Around","5","4","4","5","4","4","2","3","3","No"
"2024/12/12 4:46:51 ÖS GMT+3","Male","Faculty of Engineering","1st year","Pop;Rap;Classical;Jazz","Home/Dormitory;Cafes;Parks/Nature","3","2","4","3","4","3","2","1","2","No"
"2024/12/12 4:47:07 ÖS GMT+3","Male","Faculty of Engineering","1st year","Pop;Rock;Rap","Parks/Nature","4","2","5","5","2","3","1","2","4","No"
"2024/12/12 4:48:03 ÖS GMT+3","Female","Faculty of Arts and Sciences","Preparatory year","Pop;Rock;Classical","Cafes;Library","3","2","4","3","4","3","2","1","3","No"
"2024/12/12 4:48:52 ÖS GMT+3","Male","Faculty of Engineering","1st year","Rock;Electronic;Metal;Soundtrack;Epic melodic rock","Home/Dormitory;Parks/Nature;Student Club Buildings;Sport/Walking Around","3","3","3","4","3","3","2","1","3","It just happened"
"2024/12/12 4:54:52 ÖS GMT+3","Female","Faculty of Engineering","1st year","Rock;Metal;Arabesque","Home/Dormitory;Student Club Buildings","5","2","4","5","4","3","4","3","5","Yazın kızdırıcı ve kötü denilebilecek tecrübeler edindim. Bunu ailemde bulamadığım metalde buldum hem de extreme thrash metalde. Slayerden devam kardeşim"
"2024/12/12 5:02:36 ÖS GMT+3","Female","Faculty of Architecture","3rd year","Pop;Rock;Classical","Home/Dormitory;Parks/Nature","4","4","5","3","4","3","4","4","4","No"
"2024/12/12 5:05:59 ÖS GMT+3","Male","Faculty of Arts and Sciences","4th year","Rock;Electronic;R&B","Home/Dormitory;Cafes;Parks/Nature;Beaches/Coastal Areas;Student Club Buildings;Pubs","5","3","2","1","5","2","5","3","4","No"
"2024/12/12 5:09:58 ÖS GMT+3","Male","Faculty of Engineering","4th year","Rock;Electronic;Jazz;Country","Home/Dormitory;Cafes;Library;Student Club Buildings","4","4","4","4","4","4","1","2","4","No"
"2024/12/12 5:10:12 ÖS GMT+3","Female","Faculty of Economic and Administrative Sciences","5th year or more","Pop;Rap;R&B","Cafes;Beaches/Coastal Areas","5","3","5","5","3","4","4","4","2","I grew up."
"2024/12/12 5:11:07 ÖS GMT+3","Male","Faculty of Engineering","4th year","Pop;Rock;Rap","Home/Dormitory;Parks/Nature","2","1","4","5","2","5","2","4","2","No"
"2024/12/12 5:13:06 ÖS GMT+3","Female","Faculty of Economic and Administrative Sciences","Preparatory year","Country","Home/Dormitory;Cafes","5","4","5","5","4","2","5","3","5","No"
"2024/12/12 5:13:20 ÖS GMT+3","Prefer not to say","Faculty of Architecture","Preparatory year","Pop;Rock;Electronic;Arabesque","masturbating","5","4","5","4","3","5","3","1","4","No"
"2024/12/12 5:13:30 ÖS GMT+3","Other","Faculty of Engineering","4th year","Pop;Electronic;Classical;Jazz;Country;Soundtrack;Musical","Home/Dormitory;Cafes;Parks/Nature","4","4","4","5","3","4","4","3","4","No"
"2024/12/12 5:13:58 ÖS GMT+3","Male","Faculty of Arts and Sciences","3rd year","Pop;Rock;Country","Home/Dormitory;Library;Sport/Walking Around","3","2","2","3","3","3","4","2","2","No"
"2024/12/12 5:14:04 ÖS GMT+3","Female","Faculty of Arts and Sciences","1st year","Rock;Jazz;Country","Cafes;Parks/Nature;Library","5","5","5","4","5","5","5","5","5","No"
"2024/12/12 5:14:17 ÖS GMT+3","Male","Faculty of Arts and Sciences","4th year","Rock;Classical;Jazz","Home/Dormitory;Library","5","2","4","3","4","2","5","4","3","No"
"2024/12/12 5:14:40 ÖS GMT+3","Female","Faculty of Arts and Sciences","1st year","Pop;Rock","Home/Dormitory;Cafes","3","2","4","5","4","4","1","2","4","Yes, when I met someone new important for a period. I’ve started listening to his favorite genre and even though I’m not in contact with that person anymore, that genre became one of my favorites as well. I’m still listening to it until this day. "
"2024/12/12 5:14:46 ÖS GMT+3","Female","Faculty of Engineering","Preparatory year","Pop;Rock;Classical","Home/Dormitory;Cafes","4","1","2","2","1","4","3","3","2","No"
"2024/12/12 5:15:23 ÖS GMT+3","Male","Faculty of Engineering","Preparatory year","Rap;Jazz","Beaches/Coastal Areas;Sport/Walking Around","3","1","2","3","3","2","1","2","3","No"
"2024/12/12 5:15:34 ÖS GMT+3","Male","Faculty of Engineering","Preparatory year","Rap;Jazz;Arabesque","Home/Dormitory;Sport/Walking Around","3","3","1","2","5","2","1","2","2","Kız arkadaşımdan ayrılmak"
"2024/12/12 5:16:11 ÖS GMT+3","Female","Faculty of Arts and Sciences","Preparatory year","Pop;Rock","Home/Dormitory;Cafes","1","2","2","3","3","3","2","2","3","No"
"2024/12/12 5:16:39 ÖS GMT+3","Male","Faculty of Arts and Sciences","1st year","Pop;Rap;Classical;Country","Home/Dormitory;Cafes;Parks/Nature;Library;Beaches/Coastal Areas;Student Club Buildings;Sport/Walking Around","5","2","5","4","5","5","5","1","5","No"
"2024/12/12 5:17:26 ÖS GMT+3","Female","Faculty of Arts and Sciences","Preparatory year","Pop;Rock","Home/Dormitory;Parks/Nature","5","3","4","3","4","3","4","3","3","No"
"2024/12/12 5:17:43 ÖS GMT+3","Male","Faculty of Engineering","2nd year","Rock;Jazz;Metal","Parks/Nature;Library","3","1","4","4","3","4","3","3","3","No"
"2024/12/12 5:17:54 ÖS GMT+3","Male","Faculty of Engineering","2nd year","Rock;Rap;Electronic;Classical;Jazz;Metal;Country;Soundtrack;R&B","Home/Dormitory;Library;Sport/Walking Around;","4","3","4","3","3","3","3","3","3","No"
"2024/12/12 5:17:57 ÖS GMT+3","Female","Faculty of Arts and Sciences","Preparatory year","Pop;Rock;Jazz","Home/Dormitory;Cafes","3","3","4","4","5","4","4","2","3","No"
"2024/12/12 5:17:58 ÖS GMT+3","Male","Faculty of Economic and Administrative Sciences","4th year","Pop;Rock;Rap","Home/Dormitory;Library","5","2","4","3","4","3","5","3","4","No"
"2024/12/12 5:18:10 ÖS GMT+3","Male","Faculty of Engineering","1st year","Pop;Rap;Jazz","Home/Dormitory;Library","4","2","5","4","3","4","4","1","3","No"
"2024/12/12 5:18:15 ÖS GMT+3","Male","Faculty of Arts and Sciences","4th year","Pop;Jazz;Soundtrack;","Home/Dormitory;Sport/Walking Around","4","3","4","4","4","4","4","2","5","No"
"2024/12/12 5:18:23 ÖS GMT+3","Female","Faculty of Arts and Sciences","4th year","Pop;Electronic;Classical;Jazz;Country;Soundtrack","Home/Dormitory;Cafes;Parks/Nature;Library;Sport/Walking Around","2","4","5","3","4","5","5","4","4","No"
"2024/12/12 5:19:20 ÖS GMT+3","Female","Faculty of Engineering","1st year","Pop;Rock;Electronic;Classical;Jazz;Country;Soundtrack;R&B","Home/Dormitory;Cafes;Parks/Nature;Library;Beaches/Coastal Areas;Sport/Walking Around","5","4","4","4","4","2","5","3","2","No"
"2024/12/12 5:21:06 ÖS GMT+3","Male","Faculty of Engineering","Preparatory year","Rock;Rap;R&B","Cafes","5","4","5","1","2","3","4","4","1","No"
"2024/12/12 5:21:11 ÖS GMT+3","Male","Faculty of Engineering","1st year","Rock;Jazz;Metal","Home/Dormitory","5","4","5","5","5","4","1","3","3","I started listening to metallica which opened my eyes to metal and rock in general."
"2024/12/12 5:22:30 ÖS GMT+3","Prefer not to say","Faculty of Economic and Administrative Sciences","Preparatory year","Pop;Rock;R&B","Home/Dormitory;Cafes;Parks/Nature;Beaches/Coastal Areas","4","3","1","2","3","3","5","4","2","No"
"2024/12/12 5:23:42 ÖS GMT+3","Female","Faculty of Engineering","2nd year","Pop;Rock","Home/Dormitory;Cafes","5","3","2","4","3","3","3","3","3","No"
"2024/12/12 5:24:49 ÖS GMT+3","Female","Faculty of Arts and Sciences","1st year","Pop;Rap;Electronic","Home/Dormitory;Cafes;Parks/Nature","5","5","5","5","5","5","4","2","4","yks i started to listen more experimental"
"2024/12/12 5:25:21 ÖS GMT+3","Male","Faculty of Arts and Sciences","4th year","Pop;Rock;Electronic;Jazz","Home/Dormitory;Cafes","5","2","5","5","3","4","2","2","4","When I was depressed, I listened music more frequently."
"2024/12/12 5:25:31 ÖS GMT+3","Male","Faculty of Engineering","Preparatory year","Rock;Jazz;Metal","Home/Dormitory;Cafes","5","4","5","5","4","4","1","2","1","No"
"2024/12/12 5:25:37 ÖS GMT+3","Female","Faculty of Arts and Sciences","1st year","Pop;Rock;Rap;Classical;Country;Soundtrack","Home/Dormitory;Cafes;Parks/Nature;Library","5","2","4","3","4","3","3","1","5","Depends on my mood"
"2024/12/12 5:26:01 ÖS GMT+3","Male","Faculty of Engineering","Preparatory year","Rock;Jazz;Metal","Home/Dormitory","5","4","5","5","4","3","3","3","2","after having a girlfriend, my music taste change a lot. even though we are not together anymore 😔"
"2024/12/12 5:26:03 ÖS GMT+3","Male","Faculty of Arts and Sciences","1st year","Pop;Rock;Rap","Cafes;Sport/Walking Around","4","2","4","4","5","4","4","2","4","No"
"2024/12/12 5:26:45 ÖS GMT+3","Male","Faculty of Economic and Administrative Sciences","Preparatory year","Rock;Rap;Jazz","Home/Dormitory;Cafes","2","2","4","4","3","4","4","2","3","No"
"2024/12/12 5:26:46 ÖS GMT+3","Male","Faculty of Engineering","1st year","Pop;Rock;Soundtrack","Home/Dormitory;Parks/Nature","5","1","4","3","1","4","5","2","4","Araba Yolculuğu"
"2024/12/12 5:28:44 ÖS GMT+3","Male","Faculty of Arts and Sciences","Preparatory year","Rap;Electronic;Soundtrack","Home/Dormitory;Library","5","1","4","4","1","2","4","4","5","No"
"2024/12/12 5:28:48 ÖS GMT+3","Male","Faculty of Engineering","Preparatory year","Pop;Rock;Classical","Home/Dormitory;Cafes;Library;Sport/Walking Around","4","3","2","4","4","4","5","2","2","No"
"2024/12/12 5:29:57 ÖS GMT+3","Female","Faculty of Education","4th year","Pop;Country;Soundtrack","Home/Dormitory;Cafes;Library","4","3","4","5","3","2","3","3","4","No"
"2024/12/12 5:30:02 ÖS GMT+3","Male","Faculty of Arts and Sciences","3rd year","Pop;Rock;Rap","Home/Dormitory;Sport/Walking Around","3","2","2","2","2","3","4","2","4","No"
"2024/12/12 5:30:20 ÖS GMT+3","Male","Faculty of Arts and Sciences","2nd year","Pop;Classical;Arabesque","Home/Dormitory;Sport/Walking Around","2","1","1","4","1","4","3","1","1","No"
"2024/12/12 5:30:57 ÖS GMT+3","Female","Faculty of Arts and Sciences","3rd year","Pop;Rock;Metal","Cafes;Library","3","2","5","4","3","3","3","4","4","No"
"2024/12/12 5:32:03 ÖS GMT+3","Female","Faculty of Engineering","1st year","Pop;Rock;Rap;R&B","Home/Dormitory;Cafes;Parks/Nature","5","3","5","4","3","4","5","3","1","No"
"2024/12/12 5:32:12 ÖS GMT+3","Female","Faculty of Engineering","1st year","Pop;Rock;Rap;R&B","Home/Dormitory;Beaches/Coastal Areas;Sport/Walking Around","5","3","5","4","3","5","5","3","2","No"
"2024/12/12 5:32:40 ÖS GMT+3","Female","Faculty of Engineering","2nd year","Pop;Rock;Classical;Metal;Soundtrack","Home/Dormitory;Cafes;Parks/Nature","4","3","5","3","4","4","3","3","4","yes"
"2024/12/12 5:34:25 ÖS GMT+3","Male","Faculty of Arts and Sciences","3rd year","Pop;Rock;Rap;Electronic;Classical;Jazz;Metal;R&B","Library;Sport/Walking Around","4","3","5","4","4","4","5","3","2","More than once,after ending a relationship"
"2024/12/12 5:35:18 ÖS GMT+3","Female","Faculty of Arts and Sciences","3rd year","Pop;Rock;Electronic;Metal","Home/Dormitory;Cafes","4","3","5","4","5","4","2","1","3","No"
"2024/12/12 5:35:26 ÖS GMT+3","Male","Faculty of Engineering","5th year or more","Pop;Classical;Metal","Home/Dormitory;Student Club Buildings","3","2","5","5","2","2","4","2","3","No"
"2024/12/12 5:35:36 ÖS GMT+3","Female","Faculty of Engineering","4th year","Pop;Rap;R&B","Home/Dormitory;Cafes;Parks/Nature","4","2","3","1","1","3","4","2","1","No"
"2024/12/12 5:36:38 ÖS GMT+3","Male","Faculty of Engineering","5th year or more","Pop;Rock;Metal","Home/Dormitory;Sport/Walking Around","4","2","4","4","1","4","4","2","5","No"
"2024/12/12 5:36:53 ÖS GMT+3","Other","Faculty of Education","3rd year","Rock","Sport/Walking Around","5","3","5","4","1","1","2","1","5","No"
"2024/12/12 5:37:38 ÖS GMT+3","Other","Faculty of Arts and Sciences","3rd year","Pop;Rap;R&B","Home/Dormitory;Cafes","4","3","2","5","3","3","1","2","4","When i got out of my comfort zone and started exploring new genre. I eventually stopped listening to some and started listening to others."
"2024/12/12 5:39:48 ÖS GMT+3","Female","Faculty of Education","4th year","Pop;Rock;Arabesque","Cafes;Parks/Nature","4","2","3","4","2","3","4","2","3","No"
"2024/12/12 5:40:08 ÖS GMT+3","Male","Faculty of Engineering","5th year or more","Rock;Electronic;Classical","Library","3","3","4","3","4","4","3","2","2","No"
"2024/12/12 5:40:15 ÖS GMT+3","Female","Faculty of Arts and Sciences","4th year","Pop;Rock;Electronic","Home/Dormitory;Sport/Walking Around","5","3","1","3","5","3","3","2","3","No"
"2024/12/12 5:45:51 ÖS GMT+3","Female","Faculty of Education","3rd year","Pop;Rock;Rap;Soundtrack;Arabesque","Home/Dormitory;Cafes;Parks/Nature;Library","5","3","4","3","4","3","2","4","5","No"
"2024/12/12 5:48:19 ÖS GMT+3","Female","Faculty of Arts and Sciences","4th year","Pop;Jazz;R&B","Home/Dormitory;Library","2","2","5","4","3","3","1","2","3","No"
"2024/12/12 5:54:38 ÖS GMT+3","Female","Faculty of Architecture","3rd year","Pop;Rock;Rap;Classical;Soundtrack;R&B;Arabesque;Kpop Jpop ","Home/Dormitory;Sport/Walking Around","5","4","3","4","3","3","5","2","4","I used to listen Turkish song only. After high school I started to listen different kind and cultures thanks to my friend."
"2024/12/12 7:49:14 ÖS GMT+3","Female","Faculty of Arts and Sciences","3rd year","Pop;Rock;Classical","Home/Dormitory;Parks/Nature","4","2","5","5","3","4","1","3","4","No"
"2024/12/12 7:52:15 ÖS GMT+3","Female","Faculty of Education","2nd year","Pop;Rock;Metal","Home/Dormitory;Parks/Nature","5","2","3","4","3","5","3","2","5","Yes "
"2024/12/12 8:05:19 ÖS GMT+3","Male","Faculty of Engineering","1st year","Pop;Rock;Metal","Home/Dormitory;Parks/Nature;Sport/Walking Around","5","3","3","3","3","2","2","3","3","No"
"2024/12/12 8:22:14 ÖS GMT+3","Male","Faculty of Engineering","1st year","Pop;Rock;Classical;Jazz;Soundtrack","Home/Dormitory;Cafes","3","2","2","4","3","3","4","2","2","When a new show has a good intro/outro in a genre of music that I dont really listen to"
"2024/12/12 8:41:03 ÖS GMT+3","Female","Faculty of Architecture","3rd year","Rock;Rap;Electronic;Metal","Teknokent sport center","5","4","5","3","3","3","5","5","3","Friend requests"
"2024/12/12 8:47:03 ÖS GMT+3","Female","Faculty of Arts and Sciences","4th year","Rock;Jazz;Metal","Home/Dormitory;Cafes;Parks/Nature;Student Club Buildings;Sport/Walking Around","5","4","5","4","4","3","2","2","2","Yes, my friend suggested some songs so now I listen that type Of music too"
"2024/12/13 3:34:22 ÖS GMT+3","Male","Faculty of Education","Preparatory year","Rock;Country;R&B","Home/Dormitory;Cafes","5","2","3","1","2","3","2","2","2","my girlfriend changed "
"2024/12/14 8:05:29 ÖS GMT+3","Male","Faculty of Engineering","3rd year","Country","Sport/Walking Around","5","2","3","3","4","2","1","1","4","No"
"2024/12/14 8:20:32 ÖS GMT+3","Female","Faculty of Arts and Sciences","2nd year","Pop;Jazz;Medieval folk music ","Home/Dormitory;Cafes;Library","5","3","5","5","5","3","4","2","4","No"
"2024/12/17 7:39:42 ÖÖ GMT+3","Female","Faculty of Education","3rd year","Classical;Jazz;Country;Instrumental","Home/Dormitory;Library","5","3","5","3","3","4","5","3","5","I started listening to music even more frequently when I had to study for YKS. Also watching some musicals made me listen to their songs constantly."